epoch,tr_loss,va_loss,val_acc
1,0.3684155970962234,0.36901512471112335,0.8865315852205006
2,0.3224810560001256,0.38538468290459027,0.8865315852205006
3,0.3198289629463592,0.377046394980315,0.8896305125148987
4,0.31808200959802374,0.3887708769603209,0.8629320619785459
5,0.3153588095941495,0.3951808792172056,0.8638855780691299
6,0.31383016854649937,0.39211033871679596,0.8545887961859356
7,0.31130536690141297,0.3889673365788026,0.8593563766388558
