epoch,tr_loss,va_loss
1,0.22316386881523317,0.19868439572198052
2,0.19971232247813797,0.1985460585071927
3,0.19908899574519406,0.19855955331098465
4,0.19888964799507713,0.19854995122977664
5,0.19879491487165477,0.19851644535859425
6,0.19874314687788938,0.19851707833153862
7,0.19871343242723566,0.19852411741302126
8,0.19869683718009593,0.19852601508299508
9,0.19868028155450465,0.19851654711223785
10,0.19867116670281673,0.1985201207512901
