route,name,model,mean_ms,p50_ms,p95_ms,n_samples
0,yes_no,DistilBERT,3.266558858740609,3.17703397013247,3.53811226086691,32
1,single_choice,DistilBERT,3.147364890372211,3.113972023129463,3.2924455124884844,22
2,multi_choice,DistilBERT,2.564931482387086,2.565798000432551,2.5692878989502788,6
3,color,DistilBERT,2.6162493834272027,2.5608205469325185,2.8691523359157145,50
4,location,YOLO-Seg,11.580130931300422,10.826563462615013,18.40568573679772,30
5,count,YOLO-Det,9.743717879367372,9.557488025166094,11.434382107108824,30
