Epoch,Train Loss,Train Acc,Val Loss,Val Acc,Val Macro-F1
1,0.35811983999918023,88.6,0.26161298144162126,92.31,0.8783128434314978
2,0.23878615444742946,92.39,0.23553108063781114,92.34,0.8834907179543187
3,0.22315872760877517,92.76,0.24956890394305853,92.51,0.8843035330987611
4,0.21356702212618017,93.07,0.22553972014270415,92.55,0.8837239608350981
5,0.20240688143098184,93.24,0.2524127918535373,92.77,0.8886306803690934
6,0.19497701453154054,93.48,0.2644012832343568,92.69,0.8883763249047254
7,0.18599502762361664,93.63,0.2789653191831522,92.77,0.8884991968524516
8,0.1780524332567774,93.78,0.27221181429072944,92.68,0.8883047350251011
