Route,N,Exact,Soft,BLEU1,BLEU2,BLEU3,BLEU4,METEOR,ROUGE-L,Routing Acc
Overall,15955,0.01861485427765591,0.373111877154497,0.09046483967364435,0.023836925947780002,0.006332552547089756,0.0042328972666134165,0.09928747258557952,0.12939156711956043,0.9233469131933563
yes/no,4699,0.0,0.9210470312832517,0.18281717207663672,0.0,0.0,0.0,0.20221543562028418,0.2932473642170849,
single-choice,2643,0.11237230419977298,0.11350737797956867,0.1824122016383484,0.14382759565456366,0.03822772451336249,0.025552733972310653,0.1959838598243393,0.19042828254839303,
multiple-choice,309,0.0,0.003236245954692557,0.0008195687807338294,0.0005884083553986467,0.0,0.0,0.0009583542453985147,0.0014272674466849224,
color,1498,0.0,0.7676902536715621,0.0678091013322874,0.0,0.0,0.0,0.0768828446073372,0.12152766092763137,
location,2312,0.0,0.0025951557093425604,0.0001565293796330948,0.0,0.0,0.0,0.00020299261412538025,0.0002948427553998703,
numerical count,4494,0.0,0.037383177570093455,0.0,0.0,0.0,0.0,0.0,0.0,
